[
{
    "model": "recipes.recipetype",
    "pk": 1,
    "fields": {
        "name": "Starter",
        "name_en": "Starter",
        "name_fr": "Entree",
        "slug": "starter",
        "description": "Starter",
        "description_en": "Starter",
        "description_fr": "Entr\u00e9e"
    }
},
{
    "model": "recipes.recipetype",
    "pk": 2,
    "fields": {
        "name": "Main food",
        "name_en": "Main food",
        "name_fr": "Plat principal",
        "slug": "main-food",
        "description": "Main food",
        "description_en": "Main food",
        "description_fr": "Plat principal"
    }
},
{
    "model": "recipes.recipetype",
    "pk": 3,
    "fields": {
        "name": "Dessert",
        "name_en": "Dessert",
        "name_fr": "Dessert",
        "slug": "dessert",
        "description": "Dessert",
        "description_en": "Dessert",
        "description_fr": "Dessert"
    }
},
{
    "model": "recipes.recipeskill",
    "pk": 5,
    "fields": {
        "name": "Master",
        "name_en": "Master",
        "name_fr": "Master",
        "slug": "master",
        "description": "Master",
        "description_en": "Master",
        "description_fr": "Master",
        "value": 3
    }
},
{
    "model": "recipes.recipeskill",
    "pk": 6,
    "fields": {
        "name": "Apprentice",
        "name_en": "Apprentice",
        "name_fr": "Apprenti",
        "slug": "apprentice",
        "description": "Apprentice",
        "description_en": "Apprentice",
        "description_fr": "Apprenti",
        "value": 2
    }
},
{
    "model": "recipes.recipeskill",
    "pk": 7,
    "fields": {
        "name": "Newbie",
        "name_en": "Newbie",
        "name_fr": "Debutant",
        "slug": "newbie",
        "description": "Newbie",
        "description_en": "Newbie",
        "description_fr": "D\u00e9butant",
        "value": 1
    }
},
{
    "model": "recipes.recipecost",
    "pk": 1,
    "fields": {
        "cost": 2.5,
        "currency": 2
    }
},
{
    "model": "recipes.recipecost",
    "pk": 2,
    "fields": {
        "cost": 25.36,
        "currency": 1
    }
},
{
    "model": "recipes.recipecost",
    "pk": 3,
    "fields": {
        "cost": 26,
        "currency": 1
    }
},
{
    "model": "recipes.recipecost",
    "pk": 4,
    "fields": {
        "cost": 35,
        "currency": 1
    }
},
{
    "model": "recipes.recipecost",
    "pk": 5,
    "fields": {
        "cost": 12,
        "currency": 1
    }
},
{
    "model": "recipes.recipecost",
    "pk": 6,
    "fields": {
        "cost": 12,
        "currency": 1
    }
},
{
    "model": "recipes.recipecost",
    "pk": 7,
    "fields": {
        "cost": 12,
        "currency": 1
    }
},
{
    "model": "recipes.recipecost",
    "pk": 8,
    "fields": {
        "cost": 12,
        "currency": 1
    }
},
{
    "model": "recipes.recipecost",
    "pk": 9,
    "fields": {
        "cost": 10,
        "currency": 1
    }
},
{
    "model": "recipes.recipecost",
    "pk": 10,
    "fields": {
        "cost": 12,
        "currency": 1
    }
},
{
    "model": "recipes.recipecost",
    "pk": 11,
    "fields": {
        "cost": 12,
        "currency": 1
    }
},
{
    "model": "recipes.recipecost",
    "pk": 12,
    "fields": {
        "cost": 16,
        "currency": 1
    }
},
{
    "model": "recipes.recipecost",
    "pk": 13,
    "fields": {
        "cost": 36,
        "currency": 1
    }
},
{
    "model": "recipes.recipecost",
    "pk": 14,
    "fields": {
        "cost": 36,
        "currency": 1
    }
},
{
    "model": "recipes.recipecost",
    "pk": 15,
    "fields": {
        "cost": 36,
        "currency": 2
    }
},
{
    "model": "recipes.recipecost",
    "pk": 16,
    "fields": {
        "cost": 36,
        "currency": 1
    }
},
{
    "model": "recipes.recipecost",
    "pk": 17,
    "fields": {
        "cost": 269,
        "currency": 1
    }
},
{
    "model": "recipes.recipecost",
    "pk": 18,
    "fields": {
        "cost": 25,
        "currency": 1
    }
},
{
    "model": "recipes.recipe",
    "pk": 1,
    "fields": {
        "name": "My awesome recipe",
        "slug": "my-awesome-recipe",
        "description": "Lorem Ipsum has been the industry's standard dummy text ever since the 1500s, when an unknown printer took a galley of type and scrambled it to make a type specimen book. It has survived not only five centuries, but also the leap into electronic typesetting, remaining essentially unchanged. It was popularised in the 1960s with the release of Letraset sheets containing Lorem Ipsum passages, and more recently with desktop publishing software like Aldus PageMaker including versions of Lorem Ipsum.",
        "thumbnail": "images/recipes/7_sH988u7.jpg",
        "preparation_time": 100,
        "cooking_time": 5,
        "cooling_time": 8,
        "median_rate": 0.0,
        "published": true,
        "recipe_type": 1,
        "recipe_skill": 5,
        "recipe_origin": 1,
        "recipe_cost": 15,
        "author": 2,
        "created_at": "2018-06-25T11:19:57.330Z",
        "updated_at": "2018-07-02T00:07:52.695Z",
        "published_at": "2018-06-26T19:09:54Z"
    }
},
{
    "model": "recipes.recipe",
    "pk": 5,
    "fields": {
        "name": "Babouche patte",
        "slug": "babouche-patte",
        "description": "Lorem Ipsum has been the industry's standard dummy text ever since the 1500s, when an unknown printe djdjffhghghgjgjg",
        "thumbnail": "images/recipes/8_j700EcK.jpg",
        "preparation_time": 6,
        "cooking_time": 7,
        "cooling_time": 8,
        "median_rate": 0.0,
        "published": true,
        "recipe_type": 2,
        "recipe_skill": 7,
        "recipe_origin": 2,
        "recipe_cost": 9,
        "author": 1,
        "created_at": "2018-06-25T13:40:45.380Z",
        "updated_at": "2018-07-01T20:02:18.384Z",
        "published_at": "2018-06-25T15:25:45Z"
    }
},
{
    "model": "recipes.recipe",
    "pk": 6,
    "fields": {
        "name": "Javaquarium",
        "slug": "javaquarium",
        "description": "Lorem Ipsum has been the industry's standard dummy text ever since the 1500s, when an unknown printer took a galley of type and scrambled it to make a type specimen book. It has survived not only five centuries, but also the leap into electronic typesetting, remaining essentially unchanged. It was popularised in the 1960s with the release of Letraset sheets containing Lorem Ipsum passages, and more recently with desktop publishing software like Aldus PageMaker including versions of Lorem Ipsum.",
        "thumbnail": "images/recipes/10_05jYxD1.jpg",
        "preparation_time": 10,
        "cooking_time": 5,
        "cooling_time": 12,
        "median_rate": 0.0,
        "published": true,
        "recipe_type": 1,
        "recipe_skill": 6,
        "recipe_origin": 1,
        "recipe_cost": 13,
        "author": 2,
        "created_at": "2018-06-26T18:25:43.074Z",
        "updated_at": "2018-06-28T15:34:52Z",
        "published_at": "2018-06-28T09:07:07Z"
    }
},
{
    "model": "recipes.recipe",
    "pk": 7,
    "fields": {
        "name": "Blonde Brownies",
        "slug": "blonde-brownies",
        "description": "Brownies avec des carr\u00e9s de chocolat au dessus",
        "thumbnail": "images/recipes/3664098.jpg",
        "preparation_time": 30,
        "cooking_time": 20,
        "cooling_time": 50,
        "median_rate": 0.0,
        "published": false,
        "recipe_type": 3,
        "recipe_skill": 6,
        "recipe_origin": 2,
        "recipe_cost": 18,
        "author": 3,
        "created_at": "2018-07-02T18:30:34.230Z",
        "updated_at": "2018-07-02T20:31:57.420Z",
        "published_at": null
    }
},
{
    "model": "recipes.recipestep",
    "pk": 1,
    "fields": {
        "name": "step 1",
        "description": "the first step",
        "order": 1,
        "recipe": 1
    }
},
{
    "model": "recipes.recipestep",
    "pk": 2,
    "fields": {
        "name": "step 2",
        "description": "second step",
        "order": 2,
        "recipe": 1
    }
},
{
    "model": "recipes.recipestep",
    "pk": 6,
    "fields": {
        "name": "step 4",
        "description": "step 4",
        "order": 3,
        "recipe": 1
    }
},
{
    "model": "recipes.recipestep",
    "pk": 7,
    "fields": {
        "name": "step 5",
        "description": "step 5",
        "order": 4,
        "recipe": 1
    }
},
{
    "model": "recipes.recipeimage",
    "pk": 2,
    "fields": {
        "name": "image 8",
        "image": "images/recipes/8_nIwMrI4.jpg",
        "recipe": 6,
        "uploaded_at": "2018-06-28T13:34:32.397Z"
    }
},
{
    "model": "recipes.recipeimage",
    "pk": 3,
    "fields": {
        "name": "image 10",
        "image": "images/recipes/10_BFgDKbY.jpg",
        "recipe": 6,
        "uploaded_at": "2018-06-28T13:34:51.993Z"
    }
},
{
    "model": "recipes.recipeimage",
    "pk": 4,
    "fields": {
        "name": "Blonde brownies photo 1",
        "image": "images/recipes/5429844.jpg",
        "recipe": 7,
        "uploaded_at": "2018-07-02T18:31:57.409Z"
    }
},
{
    "model": "recipes.recipecomment",
    "pk": 24,
    "fields": {
        "comment": "coucou",
        "user": 2,
        "created_at": "2018-06-27T21:48:24.282Z",
        "updated_at": "2018-06-27T21:48:24.282Z",
        "recipe": 1,
        "parent": null
    }
},
{
    "model": "recipes.recipecomment",
    "pk": 25,
    "fields": {
        "comment": "salut",
        "user": 2,
        "created_at": "2018-06-27T21:48:34.316Z",
        "updated_at": "2018-06-27T21:48:34.316Z",
        "recipe": 1,
        "parent": 24
    }
},
{
    "model": "recipes.recipecomment",
    "pk": 26,
    "fields": {
        "comment": "hello",
        "user": 2,
        "created_at": "2018-06-27T21:51:12.171Z",
        "updated_at": "2018-06-27T21:51:12.171Z",
        "recipe": 1,
        "parent": null
    }
},
{
    "model": "recipes.recipecomment",
    "pk": 27,
    "fields": {
        "comment": "yououh",
        "user": 2,
        "created_at": "2018-06-27T23:03:05.906Z",
        "updated_at": "2018-06-27T23:03:05.906Z",
        "recipe": 1,
        "parent": 24
    }
},
{
    "model": "recipes.recipecomment",
    "pk": 28,
    "fields": {
        "comment": "yoloh",
        "user": 1,
        "created_at": "2018-06-27T23:03:43.611Z",
        "updated_at": "2018-06-27T23:03:43.611Z",
        "recipe": 1,
        "parent": 24
    }
},
{
    "model": "recipes.recipecomment",
    "pk": 29,
    "fields": {
        "comment": "comment 1",
        "user": 1,
        "created_at": "2018-06-28T07:36:30.962Z",
        "updated_at": "2018-06-28T07:36:30.962Z",
        "recipe": 6,
        "parent": null
    }
},
{
    "model": "recipes.recipecomment",
    "pk": 30,
    "fields": {
        "comment": "comment 2",
        "user": 1,
        "created_at": "2018-06-28T07:36:37.406Z",
        "updated_at": "2018-06-28T07:36:37.406Z",
        "recipe": 6,
        "parent": null
    }
},
{
    "model": "recipes.recipecomment",
    "pk": 31,
    "fields": {
        "comment": "comment 3",
        "user": 1,
        "created_at": "2018-06-28T07:36:45.879Z",
        "updated_at": "2018-06-28T07:36:45.879Z",
        "recipe": 6,
        "parent": null
    }
},
{
    "model": "recipes.recipecomment",
    "pk": 32,
    "fields": {
        "comment": "comment 4",
        "user": 1,
        "created_at": "2018-06-28T07:36:52.403Z",
        "updated_at": "2018-06-28T07:36:52.403Z",
        "recipe": 6,
        "parent": null
    }
},
{
    "model": "recipes.recipecomment",
    "pk": 33,
    "fields": {
        "comment": "comment 5",
        "user": 1,
        "created_at": "2018-06-28T07:37:03.098Z",
        "updated_at": "2018-06-28T07:37:03.098Z",
        "recipe": 6,
        "parent": null
    }
},
{
    "model": "recipes.recipecomment",
    "pk": 34,
    "fields": {
        "comment": "comment 6",
        "user": 1,
        "created_at": "2018-06-28T07:37:10.329Z",
        "updated_at": "2018-06-28T07:37:10.329Z",
        "recipe": 6,
        "parent": null
    }
},
{
    "model": "recipes.recipecomment",
    "pk": 35,
    "fields": {
        "comment": "comment 7",
        "user": 1,
        "created_at": "2018-06-28T07:37:17.546Z",
        "updated_at": "2018-06-28T07:37:17.546Z",
        "recipe": 6,
        "parent": null
    }
},
{
    "model": "recipes.recipecomment",
    "pk": 36,
    "fields": {
        "comment": "salut",
        "user": 1,
        "created_at": "2018-06-28T13:00:22.959Z",
        "updated_at": "2018-06-28T13:00:22.959Z",
        "recipe": 6,
        "parent": null
    }
},
{
    "model": "recipes.recipecomment",
    "pk": 37,
    "fields": {
        "comment": "first !",
        "user": 1,
        "created_at": "2018-07-01T16:04:26.506Z",
        "updated_at": "2018-07-01T16:04:26.507Z",
        "recipe": 5,
        "parent": null
    }
},
{
    "model": "recipes.reciperate",
    "pk": 1,
    "fields": {
        "rate": 3.0,
        "user": 2,
        "created_at": "2018-06-26T21:06:22.779Z",
        "updated_at": "2018-06-26T21:41:17.518Z",
        "recipe": 1
    }
},
{
    "model": "recipes.reciperate",
    "pk": 2,
    "fields": {
        "rate": 3.5,
        "user": 1,
        "created_at": "2018-06-26T21:17:31.438Z",
        "updated_at": "2018-07-01T21:31:11.970Z",
        "recipe": 1
    }
},
{
    "model": "recipes.reciperate",
    "pk": 3,
    "fields": {
        "rate": 4.5,
        "user": 2,
        "created_at": "2018-06-26T21:41:57.317Z",
        "updated_at": "2018-06-28T12:59:09.928Z",
        "recipe": 6
    }
},
{
    "model": "recipes.reciperate",
    "pk": 4,
    "fields": {
        "rate": 4.5,
        "user": 1,
        "created_at": "2018-07-01T16:04:38.139Z",
        "updated_at": "2018-07-01T18:55:41.128Z",
        "recipe": 5
    }
}
]
